<?xml version="1.0" encoding="UTF-8" ?>
<extension type="package" method="upgrade">
	<name>PKG_OVERRIDEGHSVS</name>
	<packagename>overrideghsvs</packagename>
	<author>G@HService Berlin Neukölln, Volkmar Volli Schlothauer</author>
	<creationDate>2022-08-22</creationDate>
	<copyright>(C) 2022, G@HService Berlin Neukölln, Volkmar Volli Schlothauer.</copyright>
	<license>GNU General Public License version 3 or later; see LICENSE.txt.</license>
	<authorUrl>https://ghsvs.de</authorUrl>
	<version>2022.08.20</version>
	<description>Joomla package/file. A collection of overrides for Joomla 4 that I often use. Not more.</description>

	<updateservers><server type="extension" priority="1" name="PKG_OVERRIDEGHSVS">https://raw.githubusercontent.com/GHSVS-de/upadateservers/master/pkg_file_overrideghsvs-update.xml</server></updateservers>

	<changelogurl>https://raw.githubusercontent.com/GHSVS-de/upadateservers/master/pkg_file_overrideghsvs-changelog.xml</changelogurl>

	<infourl>https://updates.ghsvs.de/changelog.php?file=pkg_file_overrideghsvs</infourl>

	<minimumPhp>7.4.0</minimumPhp>
	<maximumPhp>8.99999.99999</maximumPhp>
	<minimumJoomla>4.0.0</minimumJoomla>
	<maximumJoomla>4.9999.9999</maximumJoomla>
	<allowDowngrades>1</allowDowngrades>

	<scriptfile>installerScript.php</scriptfile>

	<files folder="packages">
		<file type="file" id="overrideghsvs">file_overrideghsvs-2022.08.20.zip</file>
	</files>

	<files>
		<filename>installerScript.php</filename>
		<filename>LICENSE.txt</filename>
	</files>

	<blockChildUninstall>true</blockChildUninstall>
 </extension>
